FilePath,Label
/home/meri/SharedFolder/out/Her2Pos_Case_01_1_1_clean.png.png,False
/home/meri/SharedFolder/out/Her2Pos_Case_01_1_1_tum.png.png,True
/home/meri/SharedFolder/out/Her2Pos_Case_01_2_1_clean.png.png,False
/home/meri/SharedFolder/out/Her2Pos_Case_01_2_1_tum.png.png,True
/home/meri/SharedFolder/out/Her2Pos_Case_01_3_1_clean.png.png,False
/home/meri/SharedFolder/out/Her2Pos_Case_01_3_1_tum.png.png,True
/home/meri/SharedFolder/out/Her2Pos_Case_01_4_1_clean.png.png,False
/home/meri/SharedFolder/out/Her2Pos_Case_01_4_1_tum.png.png,True
/home/meri/SharedFolder/out/Her2Pos_Case_01_5_1_clean.png.png,False
/home/meri/SharedFolder/out/Her2Pos_Case_01_5_1_tum.png.png,True
/home/meri/SharedFolder/out/Her2Pos_Case_02_1_1_clean.png.png,False
/home/meri/SharedFolder/out/Her2Pos_Case_02_1_1_tum.png.png,True
/home/meri/SharedFolder/out/Her2Pos_Case_02_2_1_clean.png.png,False
/home/meri/SharedFolder/out/Her2Pos_Case_02_2_1_tum.png.png,True
/home/meri/SharedFolder/out/Her2Pos_Case_03_1_1_clean.png.png,False
/home/meri/SharedFolder/out/Her2Pos_Case_03_1_1_tum.png.png,True
/home/meri/SharedFolder/out/Her2Pos_Case_03_2_1_clean.png.png,False
/home/meri/SharedFolder/out/Her2Pos_Case_03_2_1_tum.png.png,True
/home/meri/SharedFolder/out/Her2Pos_Case_03_3_1_clean.png.png,False
/home/meri/SharedFolder/out/Her2Pos_Case_03_3_1_tum.png.png,True
/home/meri/SharedFolder/out/Her2Pos_Case_03_4_1_clean.png.png,False
/home/meri/SharedFolder/out/Her2Pos_Case_03_4_1_tum.png.png,True
/home/meri/SharedFolder/out/Her2Pos_Case_03_5_1_clean.png.png,False
/home/meri/SharedFolder/out/Her2Pos_Case_03_5_1_tum.png.png,True
/home/meri/SharedFolder/out/Her2Pos_Case_03_6_1_clean.png.png,False
/home/meri/SharedFolder/out/Her2Pos_Case_03_6_1_tum.png.png,True
/home/meri/SharedFolder/out/Her2Pos_Case_03_7_1_clean.png.png,False
/home/meri/SharedFolder/out/Her2Pos_Case_03_7_1_tum.png.png,True
/home/meri/SharedFolder/out/Her2Pos_Case_03_8_1_clean.png.png,False
/home/meri/SharedFolder/out/Her2Pos_Case_03_8_1_tum.png.png,True
/home/meri/SharedFolder/out/Her2Pos_Case_04_1_1_clean.png.png,False
/home/meri/SharedFolder/out/Her2Pos_Case_04_1_1_tum.png.png,True
/home/meri/SharedFolder/out/Her2Pos_Case_04_2_1_clean.png.png,False
/home/meri/SharedFolder/out/Her2Pos_Case_04_2_1_tum.png.png,True
/home/meri/SharedFolder/out/Her2Pos_Case_04_3_1_clean.png.png,False
/home/meri/SharedFolder/out/Her2Pos_Case_04_3_1_tum.png.png,True
/home/meri/SharedFolder/out/Her2Pos_Case_05_1_1_clean.png.png,False
/home/meri/SharedFolder/out/Her2Pos_Case_05_1_1_tum.png.png,True
/home/meri/SharedFolder/out/Her2Pos_Case_05_2_1_clean.png.png,False
/home/meri/SharedFolder/out/Her2Pos_Case_05_2_1_tum.png.png,True
/home/meri/SharedFolder/out/Her2Pos_Case_05_3_1_clean.png.png,False
/home/meri/SharedFolder/out/Her2Pos_Case_05_3_1_tum.png.png,True
/home/meri/SharedFolder/out/Her2Pos_Case_06_1_1_clean.png.png,False
/home/meri/SharedFolder/out/Her2Pos_Case_06_1_1_tum.png.png,True
/home/meri/SharedFolder/out/Her2Pos_Case_06_2_1_clean.png.png,False
/home/meri/SharedFolder/out/Her2Pos_Case_06_2_1_tum.png.png,True
/home/meri/SharedFolder/out/Her2Pos_Case_06_3_1_clean.png.png,False
/home/meri/SharedFolder/out/Her2Pos_Case_06_3_1_tum.png.png,True
/home/meri/SharedFolder/out/Her2Pos_Case_06_4_1_clean.png.png,False
/home/meri/SharedFolder/out/Her2Pos_Case_06_4_1_tum.png.png,True
/home/meri/SharedFolder/out/Her2Pos_Case_07_1_1_clean.png.png,False
/home/meri/SharedFolder/out/Her2Pos_Case_07_1_1_tum.png.png,True
/home/meri/SharedFolder/out/Her2Pos_Case_07_2_1_clean.png.png,False
/home/meri/SharedFolder/out/Her2Pos_Case_07_2_1_tum.png.png,True
/home/meri/SharedFolder/out/Her2Pos_Case_07_3_1_clean.png.png,False
/home/meri/SharedFolder/out/Her2Pos_Case_07_3_1_tum.png.png,True
/home/meri/SharedFolder/out/Her2Pos_Case_07_4_1_clean.png.png,False
/home/meri/SharedFolder/out/Her2Pos_Case_07_4_1_tum.png.png,True
/home/meri/SharedFolder/out/Her2Pos_Case_08_1_1_clean.png.png,False
/home/meri/SharedFolder/out/Her2Pos_Case_08_1_1_tum.png.png,True
/home/meri/SharedFolder/out/Her2Pos_Case_08_2_1_clean.png.png,False
/home/meri/SharedFolder/out/Her2Pos_Case_08_2_1_tum.png.png,True
/home/meri/SharedFolder/out/Her2Pos_Case_08_3_1_clean.png.png,False
/home/meri/SharedFolder/out/Her2Pos_Case_08_3_1_tum.png.png,True
/home/meri/SharedFolder/out/Her2Pos_Case_08_4_1_clean.png.png,False
/home/meri/SharedFolder/out/Her2Pos_Case_08_4_1_tum.png.png,True
/home/meri/SharedFolder/out/Her2Pos_Case_08_5_1_clean.png.png,False
/home/meri/SharedFolder/out/Her2Pos_Case_08_5_1_tum.png.png,True
/home/meri/SharedFolder/out/Her2Pos_Case_08_6_1_clean.png.png,False
/home/meri/SharedFolder/out/Her2Pos_Case_08_6_1_tum.png.png,True
/home/meri/SharedFolder/out/Her2Pos_Case_09_1_1_clean.png.png,False
/home/meri/SharedFolder/out/Her2Pos_Case_09_1_1_tum.png.png,True
/home/meri/SharedFolder/out/Her2Pos_Case_09_2_1_clean.png.png,False
/home/meri/SharedFolder/out/Her2Pos_Case_09_2_1_tum.png.png,True
/home/meri/SharedFolder/out/Her2Pos_Case_09_3_1_clean.png.png,False
/home/meri/SharedFolder/out/Her2Pos_Case_09_3_1_tum.png.png,True
/home/meri/SharedFolder/out/Her2Pos_Case_10_1_1_clean.png.png,False
/home/meri/SharedFolder/out/Her2Pos_Case_10_1_1_tum.png.png,True
/home/meri/SharedFolder/out/Her2Pos_Case_10_2_1_clean.png.png,False
/home/meri/SharedFolder/out/Her2Pos_Case_10_2_1_tum.png.png,True
/home/meri/SharedFolder/out/Her2Pos_Case_10_3_1_clean.png.png,False
/home/meri/SharedFolder/out/Her2Pos_Case_10_3_1_tum.png.png,True
/home/meri/SharedFolder/out/Her2Pos_Case_11_1_1_clean.png.png,False
/home/meri/SharedFolder/out/Her2Pos_Case_11_1_1_tum.png.png,True
/home/meri/SharedFolder/out/Her2Pos_Case_11_2_1_clean.png.png,False
/home/meri/SharedFolder/out/Her2Pos_Case_11_2_1_tum.png.png,True
/home/meri/SharedFolder/out/Her2Pos_Case_11_3_1_clean.png.png,False
/home/meri/SharedFolder/out/Her2Pos_Case_11_3_1_tum.png.png,True
/home/meri/SharedFolder/out/Her2Pos_Case_12_1_1_clean.png.png,False
/home/meri/SharedFolder/out/Her2Pos_Case_12_1_1_tum.png.png,True
/home/meri/SharedFolder/out/Her2Pos_Case_12_2_1_clean.png.png,False
/home/meri/SharedFolder/out/Her2Pos_Case_12_2_1_tum.png.png,True
/home/meri/SharedFolder/out/Her2Pos_Case_12_3_1_clean.png.png,False
/home/meri/SharedFolder/out/Her2Pos_Case_12_3_1_tum.png.png,True
/home/meri/SharedFolder/out/Her2Pos_Case_12_4_1_clean.png.png,False
/home/meri/SharedFolder/out/Her2Pos_Case_12_4_1_tum.png.png,True
/home/meri/SharedFolder/out/Her2Pos_Case_13_1_1_clean.png.png,False
/home/meri/SharedFolder/out/Her2Pos_Case_13_1_1_tum.png.png,True
/home/meri/SharedFolder/out/Her2Pos_Case_13_2_1_clean.png.png,False
/home/meri/SharedFolder/out/Her2Pos_Case_13_2_1_tum.png.png,True
/home/meri/SharedFolder/out/Her2Pos_Case_13_3_1_clean.png.png,False
/home/meri/SharedFolder/out/Her2Pos_Case_13_3_1_tum.png.png,True
/home/meri/SharedFolder/out/Her2Pos_Case_13_4_1_clean.png.png,False
/home/meri/SharedFolder/out/Her2Pos_Case_13_4_1_tum.png.png,True
/home/meri/SharedFolder/out/Her2Pos_Case_13_5_1_clean.png.png,False
/home/meri/SharedFolder/out/Her2Pos_Case_13_5_1_tum.png.png,True
/home/meri/SharedFolder/out/Her2Pos_Case_13_6_1_clean.png.png,False
/home/meri/SharedFolder/out/Her2Pos_Case_13_6_1_tum.png.png,True
/home/meri/SharedFolder/out/Her2Pos_Case_13_7_1_clean.png.png,False
/home/meri/SharedFolder/out/Her2Pos_Case_13_7_1_tum.png.png,True
/home/meri/SharedFolder/out/Her2Pos_Case_13_8_1_clean.png.png,False
/home/meri/SharedFolder/out/Her2Pos_Case_13_8_1_tum.png.png,True
/home/meri/SharedFolder/out/Her2Pos_Case_14_1_1_clean.png.png,False
/home/meri/SharedFolder/out/Her2Pos_Case_14_1_1_tum.png.png,True
/home/meri/SharedFolder/out/Her2Pos_Case_14_2_1_clean.png.png,False
/home/meri/SharedFolder/out/Her2Pos_Case_14_2_1_tum.png.png,True
/home/meri/SharedFolder/out/Her2Pos_Case_15_1_1_clean.png.png,False
/home/meri/SharedFolder/out/Her2Pos_Case_15_1_1_tum.png.png,True
/home/meri/SharedFolder/out/Her2Pos_Case_15_2_1_clean.png.png,False
/home/meri/SharedFolder/out/Her2Pos_Case_15_2_1_tum.png.png,True
/home/meri/SharedFolder/out/Her2Pos_Case_15_3_1_clean.png.png,False
/home/meri/SharedFolder/out/Her2Pos_Case_15_3_1_tum.png.png,True
/home/meri/SharedFolder/out/Her2Pos_Case_15_4_1_clean.png.png,False
/home/meri/SharedFolder/out/Her2Pos_Case_15_4_1_tum.png.png,True
/home/meri/SharedFolder/out/Her2Pos_Case_15_5_1_clean.png.png,False
/home/meri/SharedFolder/out/Her2Pos_Case_15_5_1_tum.png.png,True
/home/meri/SharedFolder/out/Her2Pos_Case_15_6_1_clean.png.png,False
/home/meri/SharedFolder/out/Her2Pos_Case_15_6_1_tum.png.png,True
/home/meri/SharedFolder/out/Her2Pos_Case_15_7_1_clean.png.png,False
/home/meri/SharedFolder/out/Her2Pos_Case_15_7_1_tum.png.png,True
/home/meri/SharedFolder/out/Her2Pos_Case_16_1_1_clean.png.png,False
/home/meri/SharedFolder/out/Her2Pos_Case_16_1_1_tum.png.png,True
/home/meri/SharedFolder/out/Her2Pos_Case_16_2_1_clean.png.png,False
/home/meri/SharedFolder/out/Her2Pos_Case_16_2_1_tum.png.png,True
/home/meri/SharedFolder/out/Her2Pos_Case_16_3_1_clean.png.png,False
/home/meri/SharedFolder/out/Her2Pos_Case_16_3_1_tum.png.png,True
/home/meri/SharedFolder/out/Her2Pos_Case_16_4_1_clean.png.png,False
/home/meri/SharedFolder/out/Her2Pos_Case_16_4_1_tum.png.png,True
/home/meri/SharedFolder/out/Her2Pos_Case_17_1_1_clean.png.png,False
/home/meri/SharedFolder/out/Her2Pos_Case_17_1_1_tum.png.png,True
/home/meri/SharedFolder/out/Her2Pos_Case_17_2_1_clean.png.png,False
/home/meri/SharedFolder/out/Her2Pos_Case_17_2_1_tum.png.png,True
/home/meri/SharedFolder/out/Her2Pos_Case_17_3_1_clean.png.png,False
/home/meri/SharedFolder/out/Her2Pos_Case_17_3_1_tum.png.png,True
/home/meri/SharedFolder/out/Her2Pos_Case_17_4_1_clean.png.png,False
/home/meri/SharedFolder/out/Her2Pos_Case_17_4_1_tum.png.png,True
/home/meri/SharedFolder/out/Her2Pos_Case_17_5_1_clean.png.png,False
/home/meri/SharedFolder/out/Her2Pos_Case_17_5_1_tum.png.png,True
/home/meri/SharedFolder/out/Her2Pos_Case_17_6_1_clean.png.png,False
/home/meri/SharedFolder/out/Her2Pos_Case_17_6_1_tum.png.png,True
/home/meri/SharedFolder/out/Her2Pos_Case_18_1_1_clean.png.png,False
/home/meri/SharedFolder/out/Her2Pos_Case_18_1_1_tum.png.png,True
/home/meri/SharedFolder/out/Her2Pos_Case_19_1_1_clean.png.png,False
/home/meri/SharedFolder/out/Her2Pos_Case_19_1_1_tum.png.png,True
/home/meri/SharedFolder/out/Her2Pos_Case_19_2_1_clean.png.png,False
/home/meri/SharedFolder/out/Her2Pos_Case_19_2_1_tum.png.png,True
/home/meri/SharedFolder/out/Her2Pos_Case_19_3_1_clean.png.png,False
/home/meri/SharedFolder/out/Her2Pos_Case_19_3_1_tum.png.png,True
/home/meri/SharedFolder/out/Her2Pos_Case_19_4_1_clean.png.png,False
/home/meri/SharedFolder/out/Her2Pos_Case_19_4_1_tum.png.png,True
/home/meri/SharedFolder/out/Her2Pos_Case_20_1_1_clean.png.png,False
/home/meri/SharedFolder/out/Her2Pos_Case_20_1_1_tum.png.png,True
/home/meri/SharedFolder/out/Her2Pos_Case_20_2_1_clean.png.png,False
/home/meri/SharedFolder/out/Her2Pos_Case_20_2_1_tum.png.png,True
/home/meri/SharedFolder/out/Her2Pos_Case_20_3_1_clean.png.png,False
/home/meri/SharedFolder/out/Her2Pos_Case_20_3_1_tum.png.png,True
/home/meri/SharedFolder/out/Her2Pos_Case_21_1_1_clean.png.png,False
/home/meri/SharedFolder/out/Her2Pos_Case_21_1_1_tum.png.png,True
/home/meri/SharedFolder/out/Her2Pos_Case_21_2_1_clean.png.png,False
/home/meri/SharedFolder/out/Her2Pos_Case_21_2_1_tum.png.png,True
/home/meri/SharedFolder/out/Her2Pos_Case_23_1_1_clean.png.png,False
/home/meri/SharedFolder/out/Her2Pos_Case_23_1_1_tum.png.png,True
/home/meri/SharedFolder/out/Her2Pos_Case_23_2_1_clean.png.png,False
/home/meri/SharedFolder/out/Her2Pos_Case_23_2_1_tum.png.png,True
/home/meri/SharedFolder/out/Her2Pos_Case_23_3_1_clean.png.png,False
/home/meri/SharedFolder/out/Her2Pos_Case_23_3_1_tum.png.png,True
/home/meri/SharedFolder/out/Her2Pos_Case_23_4_1_clean.png.png,False
/home/meri/SharedFolder/out/Her2Pos_Case_23_4_1_tum.png.png,True
/home/meri/SharedFolder/out/Her2Pos_Case_23_5_1_clean.png.png,False
/home/meri/SharedFolder/out/Her2Pos_Case_23_5_1_tum.png.png,True
/home/meri/SharedFolder/out/Her2Pos_Case_23_6_1_clean.png.png,False
/home/meri/SharedFolder/out/Her2Pos_Case_23_6_1_tum.png.png,True
/home/meri/SharedFolder/out/Her2Pos_Case_23_7_1_clean.png.png,False
/home/meri/SharedFolder/out/Her2Pos_Case_23_7_1_tum.png.png,True
/home/meri/SharedFolder/out/Her2Pos_Case_24_1_1_clean.png.png,False
/home/meri/SharedFolder/out/Her2Pos_Case_24_1_1_tum.png.png,True
/home/meri/SharedFolder/out/Her2Pos_Case_24_2_1_clean.png.png,False
/home/meri/SharedFolder/out/Her2Pos_Case_24_2_1_tum.png.png,True
/home/meri/SharedFolder/out/Her2Pos_Case_24_3_1_clean.png.png,False
/home/meri/SharedFolder/out/Her2Pos_Case_24_3_1_tum.png.png,True
/home/meri/SharedFolder/out/Her2Pos_Case_24_4_1_clean.png.png,False
/home/meri/SharedFolder/out/Her2Pos_Case_24_4_1_tum.png.png,True
/home/meri/SharedFolder/out/Her2Pos_Case_24_5_1_clean.png.png,False
/home/meri/SharedFolder/out/Her2Pos_Case_24_5_1_tum.png.png,True
/home/meri/SharedFolder/out/Her2Pos_Case_24_6_1_clean.png.png,False
/home/meri/SharedFolder/out/Her2Pos_Case_24_6_1_tum.png.png,True
/home/meri/SharedFolder/out/Her2Pos_Case_24_7_1_clean.png.png,False
/home/meri/SharedFolder/out/Her2Pos_Case_24_7_1_tum.png.png,True
/home/meri/SharedFolder/out/Her2Pos_Case_24_8_1_clean.png.png,False
/home/meri/SharedFolder/out/Her2Pos_Case_24_8_1_tum.png.png,True
/home/meri/SharedFolder/out/Her2Pos_Case_25_1_1_clean.png.png,False
/home/meri/SharedFolder/out/Her2Pos_Case_25_1_1_tum.png.png,True
/home/meri/SharedFolder/out/Her2Pos_Case_25_2_1_clean.png.png,False
/home/meri/SharedFolder/out/Her2Pos_Case_25_2_1_tum.png.png,True
/home/meri/SharedFolder/out/Her2Pos_Case_25_3_1_clean.png.png,False
/home/meri/SharedFolder/out/Her2Pos_Case_25_3_1_tum.png.png,True
/home/meri/SharedFolder/out/Her2Pos_Case_25_4_1_clean.png.png,False
/home/meri/SharedFolder/out/Her2Pos_Case_25_4_1_tum.png.png,True
/home/meri/SharedFolder/out/Her2Pos_Case_25_5_1_clean.png.png,False
/home/meri/SharedFolder/out/Her2Pos_Case_25_5_1_tum.png.png,True
/home/meri/SharedFolder/out/Her2Pos_Case_26_1_1_clean.png.png,False
/home/meri/SharedFolder/out/Her2Pos_Case_26_1_1_tum.png.png,True
/home/meri/SharedFolder/out/Her2Pos_Case_26_2_1_clean.png.png,False
/home/meri/SharedFolder/out/Her2Pos_Case_26_2_1_tum.png.png,True
/home/meri/SharedFolder/out/Her2Pos_Case_26_3_1_clean.png.png,False
/home/meri/SharedFolder/out/Her2Pos_Case_26_3_1_tum.png.png,True
/home/meri/SharedFolder/out/Her2Pos_Case_28_1_1_clean.png.png,False
/home/meri/SharedFolder/out/Her2Pos_Case_28_1_1_tum.png.png,True
/home/meri/SharedFolder/out/Her2Pos_Case_28_2_1_clean.png.png,False
/home/meri/SharedFolder/out/Her2Pos_Case_28_2_1_tum.png.png,True
/home/meri/SharedFolder/out/Her2Pos_Case_29_1_1_clean.png.png,False
/home/meri/SharedFolder/out/Her2Pos_Case_29_1_1_tum.png.png,True
/home/meri/SharedFolder/out/Her2Pos_Case_30_1_1_clean.png.png,False
/home/meri/SharedFolder/out/Her2Pos_Case_30_1_1_tum.png.png,True
/home/meri/SharedFolder/out/Her2Pos_Case_30_2_1_clean.png.png,False
/home/meri/SharedFolder/out/Her2Pos_Case_30_2_1_tum.png.png,True
/home/meri/SharedFolder/out/Her2Pos_Case_31_1_1_clean.png.png,False
/home/meri/SharedFolder/out/Her2Pos_Case_31_1_1_tum.png.png,True
/home/meri/SharedFolder/out/Her2Pos_Case_31_2_1_clean.png.png,False
/home/meri/SharedFolder/out/Her2Pos_Case_31_2_1_tum.png.png,True
/home/meri/SharedFolder/out/Her2Pos_Case_31_3_1_clean.png.png,False
/home/meri/SharedFolder/out/Her2Pos_Case_31_3_1_tum.png.png,True
/home/meri/SharedFolder/out/Her2Pos_Case_32_1_1_clean.png.png,False
/home/meri/SharedFolder/out/Her2Pos_Case_32_1_1_tum.png.png,True
/home/meri/SharedFolder/out/Her2Pos_Case_32_2_1_clean.png.png,False
/home/meri/SharedFolder/out/Her2Pos_Case_32_2_1_tum.png.png,True
/home/meri/SharedFolder/out/Her2Pos_Case_33_1_1_clean.png.png,False
/home/meri/SharedFolder/out/Her2Pos_Case_33_1_1_tum.png.png,True
/home/meri/SharedFolder/out/Her2Pos_Case_33_2_1_clean.png.png,False
/home/meri/SharedFolder/out/Her2Pos_Case_33_2_1_tum.png.png,True
/home/meri/SharedFolder/out/Her2Pos_Case_34_1_1_clean.png.png,False
/home/meri/SharedFolder/out/Her2Pos_Case_34_1_1_tum.png.png,True
/home/meri/SharedFolder/out/Her2Pos_Case_34_2_1_clean.png.png,False
/home/meri/SharedFolder/out/Her2Pos_Case_34_2_1_tum.png.png,True
/home/meri/SharedFolder/out/Her2Pos_Case_34_3_1_clean.png.png,False
/home/meri/SharedFolder/out/Her2Pos_Case_34_3_1_tum.png.png,True
/home/meri/SharedFolder/out/Her2Pos_Case_35_1_1_clean.png.png,False
/home/meri/SharedFolder/out/Her2Pos_Case_35_1_1_tum.png.png,True
/home/meri/SharedFolder/out/Her2Pos_Case_35_2_1_clean.png.png,False
/home/meri/SharedFolder/out/Her2Pos_Case_35_2_1_tum.png.png,True
/home/meri/SharedFolder/out/Her2Pos_Case_36_1_1_clean.png.png,False
/home/meri/SharedFolder/out/Her2Pos_Case_36_1_1_tum.png.png,True
/home/meri/SharedFolder/out/Her2Pos_Case_36_2_1_clean.png.png,False
/home/meri/SharedFolder/out/Her2Pos_Case_36_2_1_tum.png.png,True
/home/meri/SharedFolder/out/Her2Pos_Case_37_10_1_clean.png.png,False
/home/meri/SharedFolder/out/Her2Pos_Case_37_10_1_tum.png.png,True
/home/meri/SharedFolder/out/Her2Pos_Case_37_11_1_clean.png.png,False
/home/meri/SharedFolder/out/Her2Pos_Case_37_11_1_tum.png.png,True
/home/meri/SharedFolder/out/Her2Pos_Case_37_12_1_clean.png.png,False
/home/meri/SharedFolder/out/Her2Pos_Case_37_12_1_tum.png.png,True
/home/meri/SharedFolder/out/Her2Pos_Case_37_13_1_clean.png.png,False
/home/meri/SharedFolder/out/Her2Pos_Case_37_13_1_tum.png.png,True
/home/meri/SharedFolder/out/Her2Pos_Case_37_14_1_clean.png.png,False
/home/meri/SharedFolder/out/Her2Pos_Case_37_14_1_tum.png.png,True
/home/meri/SharedFolder/out/Her2Pos_Case_37_15_1_clean.png.png,False
/home/meri/SharedFolder/out/Her2Pos_Case_37_15_1_tum.png.png,True
/home/meri/SharedFolder/out/Her2Pos_Case_37_16_1_clean.png.png,False
/home/meri/SharedFolder/out/Her2Pos_Case_37_16_1_tum.png.png,True
/home/meri/SharedFolder/out/Her2Pos_Case_37_17_1_clean.png.png,False
/home/meri/SharedFolder/out/Her2Pos_Case_37_17_1_tum.png.png,True
/home/meri/SharedFolder/out/Her2Pos_Case_37_18_1_clean.png.png,False
/home/meri/SharedFolder/out/Her2Pos_Case_37_18_1_tum.png.png,True
/home/meri/SharedFolder/out/Her2Pos_Case_37_19_1_clean.png.png,False
/home/meri/SharedFolder/out/Her2Pos_Case_37_19_1_tum.png.png,True
/home/meri/SharedFolder/out/Her2Pos_Case_37_1_1_clean.png.png,False
/home/meri/SharedFolder/out/Her2Pos_Case_37_1_1_tum.png.png,True
/home/meri/SharedFolder/out/Her2Pos_Case_37_20_1_clean.png.png,False
/home/meri/SharedFolder/out/Her2Pos_Case_37_20_1_tum.png.png,True
/home/meri/SharedFolder/out/Her2Pos_Case_37_21_1_clean.png.png,False
/home/meri/SharedFolder/out/Her2Pos_Case_37_21_1_tum.png.png,True
/home/meri/SharedFolder/out/Her2Pos_Case_37_22_1_clean.png.png,False
/home/meri/SharedFolder/out/Her2Pos_Case_37_22_1_tum.png.png,True
/home/meri/SharedFolder/out/Her2Pos_Case_37_23_1_clean.png.png,False
/home/meri/SharedFolder/out/Her2Pos_Case_37_23_1_tum.png.png,True
/home/meri/SharedFolder/out/Her2Pos_Case_37_24_1_clean.png.png,False
/home/meri/SharedFolder/out/Her2Pos_Case_37_24_1_tum.png.png,True
/home/meri/SharedFolder/out/Her2Pos_Case_37_25_1_clean.png.png,False
/home/meri/SharedFolder/out/Her2Pos_Case_37_25_1_tum.png.png,True
/home/meri/SharedFolder/out/Her2Pos_Case_37_2_1_clean.png.png,False
/home/meri/SharedFolder/out/Her2Pos_Case_37_2_1_tum.png.png,True
/home/meri/SharedFolder/out/Her2Pos_Case_37_3_1_clean.png.png,False
/home/meri/SharedFolder/out/Her2Pos_Case_37_3_1_tum.png.png,True
/home/meri/SharedFolder/out/Her2Pos_Case_37_4_1_clean.png.png,False
/home/meri/SharedFolder/out/Her2Pos_Case_37_4_1_tum.png.png,True
/home/meri/SharedFolder/out/Her2Pos_Case_37_5_1_clean.png.png,False
/home/meri/SharedFolder/out/Her2Pos_Case_37_5_1_tum.png.png,True
/home/meri/SharedFolder/out/Her2Pos_Case_37_6_1_clean.png.png,False
/home/meri/SharedFolder/out/Her2Pos_Case_37_6_1_tum.png.png,True
/home/meri/SharedFolder/out/Her2Pos_Case_37_7_1_clean.png.png,False
/home/meri/SharedFolder/out/Her2Pos_Case_37_7_1_tum.png.png,True
/home/meri/SharedFolder/out/Her2Pos_Case_37_8_1_clean.png.png,False
/home/meri/SharedFolder/out/Her2Pos_Case_37_8_1_tum.png.png,True
/home/meri/SharedFolder/out/Her2Pos_Case_37_9_1_clean.png.png,False
/home/meri/SharedFolder/out/Her2Pos_Case_37_9_1_tum.png.png,True
/home/meri/SharedFolder/out/Her2Pos_Case_38_10_1_clean.png.png,False
/home/meri/SharedFolder/out/Her2Pos_Case_38_10_1_tum.png.png,True
/home/meri/SharedFolder/out/Her2Pos_Case_38_11_1_clean.png.png,False
/home/meri/SharedFolder/out/Her2Pos_Case_38_11_1_tum.png.png,True
/home/meri/SharedFolder/out/Her2Pos_Case_38_12_1_clean.png.png,False
/home/meri/SharedFolder/out/Her2Pos_Case_38_12_1_tum.png.png,True
/home/meri/SharedFolder/out/Her2Pos_Case_38_13_1_clean.png.png,False
/home/meri/SharedFolder/out/Her2Pos_Case_38_13_1_tum.png.png,True
/home/meri/SharedFolder/out/Her2Pos_Case_38_14_1_clean.png.png,False
/home/meri/SharedFolder/out/Her2Pos_Case_38_14_1_tum.png.png,True
/home/meri/SharedFolder/out/Her2Pos_Case_38_15_1_clean.png.png,False
/home/meri/SharedFolder/out/Her2Pos_Case_38_15_1_tum.png.png,True
/home/meri/SharedFolder/out/Her2Pos_Case_38_16_1_clean.png.png,False
/home/meri/SharedFolder/out/Her2Pos_Case_38_16_1_tum.png.png,True
/home/meri/SharedFolder/out/Her2Pos_Case_38_17_1_clean.png.png,False
/home/meri/SharedFolder/out/Her2Pos_Case_38_17_1_tum.png.png,True
/home/meri/SharedFolder/out/Her2Pos_Case_38_1_1_clean.png.png,False
/home/meri/SharedFolder/out/Her2Pos_Case_38_1_1_tum.png.png,True
/home/meri/SharedFolder/out/Her2Pos_Case_38_2_1_clean.png.png,False
/home/meri/SharedFolder/out/Her2Pos_Case_38_2_1_tum.png.png,True
/home/meri/SharedFolder/out/Her2Pos_Case_38_3_1_clean.png.png,False
/home/meri/SharedFolder/out/Her2Pos_Case_38_3_1_tum.png.png,True
/home/meri/SharedFolder/out/Her2Pos_Case_38_4_1_clean.png.png,False
/home/meri/SharedFolder/out/Her2Pos_Case_38_4_1_tum.png.png,True
/home/meri/SharedFolder/out/Her2Pos_Case_38_5_1_clean.png.png,False
/home/meri/SharedFolder/out/Her2Pos_Case_38_5_1_tum.png.png,True
/home/meri/SharedFolder/out/Her2Pos_Case_38_6_1_clean.png.png,False
/home/meri/SharedFolder/out/Her2Pos_Case_38_6_1_tum.png.png,True
/home/meri/SharedFolder/out/Her2Pos_Case_38_7_1_clean.png.png,False
/home/meri/SharedFolder/out/Her2Pos_Case_38_7_1_tum.png.png,True
/home/meri/SharedFolder/out/Her2Pos_Case_38_8_1_clean.png.png,False
/home/meri/SharedFolder/out/Her2Pos_Case_38_8_1_tum.png.png,True
/home/meri/SharedFolder/out/Her2Pos_Case_38_9_1_clean.png.png,False
/home/meri/SharedFolder/out/Her2Pos_Case_38_9_1_tum.png.png,True
/home/meri/SharedFolder/out/Her2Pos_Case_39_1_1_clean.png.png,False
/home/meri/SharedFolder/out/Her2Pos_Case_39_1_1_tum.png.png,True
/home/meri/SharedFolder/out/Her2Pos_Case_39_2_1_clean.png.png,False
/home/meri/SharedFolder/out/Her2Pos_Case_39_2_1_tum.png.png,True
/home/meri/SharedFolder/out/Her2Pos_Case_39_3_1_clean.png.png,False
/home/meri/SharedFolder/out/Her2Pos_Case_39_3_1_tum.png.png,True
/home/meri/SharedFolder/out/Her2Pos_Case_40_1_1_clean.png.png,False
/home/meri/SharedFolder/out/Her2Pos_Case_40_1_1_tum.png.png,True
/home/meri/SharedFolder/out/Her2Pos_Case_40_2_1_clean.png.png,False
/home/meri/SharedFolder/out/Her2Pos_Case_40_2_1_tum.png.png,True
/home/meri/SharedFolder/out/Her2Pos_Case_40_3_1_clean.png.png,False
/home/meri/SharedFolder/out/Her2Pos_Case_40_3_1_tum.png.png,True
/home/meri/SharedFolder/out/Her2Pos_Case_40_4_1_clean.png.png,False
/home/meri/SharedFolder/out/Her2Pos_Case_40_4_1_tum.png.png,True
/home/meri/SharedFolder/out/Her2Pos_Case_40_5_1_clean.png.png,False
/home/meri/SharedFolder/out/Her2Pos_Case_40_5_1_tum.png.png,True
/home/meri/SharedFolder/out/Her2Pos_Case_41_1_1_clean.png.png,False
/home/meri/SharedFolder/out/Her2Pos_Case_41_1_1_tum.png.png,True
/home/meri/SharedFolder/out/Her2Pos_Case_41_2_1_clean.png.png,False
/home/meri/SharedFolder/out/Her2Pos_Case_41_2_1_tum.png.png,True
/home/meri/SharedFolder/out/Her2Pos_Case_41_3_1_clean.png.png,False
/home/meri/SharedFolder/out/Her2Pos_Case_41_3_1_tum.png.png,True
/home/meri/SharedFolder/out/Her2Pos_Case_41_4_1_clean.png.png,False
/home/meri/SharedFolder/out/Her2Pos_Case_41_4_1_tum.png.png,True
/home/meri/SharedFolder/out/Her2Pos_Case_41_5_1_clean.png.png,False
/home/meri/SharedFolder/out/Her2Pos_Case_41_5_1_tum.png.png,True
/home/meri/SharedFolder/out/Her2Pos_Case_41_6_1_clean.png.png,False
/home/meri/SharedFolder/out/Her2Pos_Case_41_6_1_tum.png.png,True
/home/meri/SharedFolder/out/Her2Pos_Case_41_7_1_clean.png.png,False
/home/meri/SharedFolder/out/Her2Pos_Case_41_7_1_tum.png.png,True
/home/meri/SharedFolder/out/Her2Pos_Case_42_1_1_clean.png.png,False
/home/meri/SharedFolder/out/Her2Pos_Case_42_1_1_tum.png.png,True
/home/meri/SharedFolder/out/Her2Pos_Case_42_2_1_clean.png.png,False
/home/meri/SharedFolder/out/Her2Pos_Case_42_2_1_tum.png.png,True
/home/meri/SharedFolder/out/Her2Pos_Case_42_3_1_clean.png.png,False
/home/meri/SharedFolder/out/Her2Pos_Case_42_3_1_tum.png.png,True
/home/meri/SharedFolder/out/Her2Pos_Case_42_4_1_clean.png.png,False
/home/meri/SharedFolder/out/Her2Pos_Case_42_4_1_tum.png.png,True
/home/meri/SharedFolder/out/Her2Pos_Case_42_5_1_clean.png.png,False
/home/meri/SharedFolder/out/Her2Pos_Case_42_5_1_tum.png.png,True
/home/meri/SharedFolder/out/Her2Pos_Case_42_6_1_clean.png.png,False
/home/meri/SharedFolder/out/Her2Pos_Case_42_6_1_tum.png.png,True
/home/meri/SharedFolder/out/Her2Pos_Case_42_7_1_clean.png.png,False
/home/meri/SharedFolder/out/Her2Pos_Case_42_7_1_tum.png.png,True
/home/meri/SharedFolder/out/Her2Pos_Case_43_1_1_clean.png.png,False
/home/meri/SharedFolder/out/Her2Pos_Case_43_1_1_tum.png.png,True
/home/meri/SharedFolder/out/Her2Pos_Case_43_2_1_clean.png.png,False
/home/meri/SharedFolder/out/Her2Pos_Case_43_2_1_tum.png.png,True
/home/meri/SharedFolder/out/Her2Pos_Case_43_3_1_clean.png.png,False
/home/meri/SharedFolder/out/Her2Pos_Case_43_3_1_tum.png.png,True
/home/meri/SharedFolder/out/Her2Pos_Case_43_4_1_clean.png.png,False
/home/meri/SharedFolder/out/Her2Pos_Case_43_4_1_tum.png.png,True
/home/meri/SharedFolder/out/Her2Pos_Case_43_5_1_clean.png.png,False
/home/meri/SharedFolder/out/Her2Pos_Case_43_5_1_tum.png.png,True
/home/meri/SharedFolder/out/Her2Pos_Case_44_10_1_clean.png.png,False
/home/meri/SharedFolder/out/Her2Pos_Case_44_10_1_tum.png.png,True
/home/meri/SharedFolder/out/Her2Pos_Case_44_11_1_clean.png.png,False
/home/meri/SharedFolder/out/Her2Pos_Case_44_11_1_tum.png.png,True
/home/meri/SharedFolder/out/Her2Pos_Case_44_1_1_clean.png.png,False
/home/meri/SharedFolder/out/Her2Pos_Case_44_1_1_tum.png.png,True
/home/meri/SharedFolder/out/Her2Pos_Case_44_2_1_clean.png.png,False
/home/meri/SharedFolder/out/Her2Pos_Case_44_2_1_tum.png.png,True
/home/meri/SharedFolder/out/Her2Pos_Case_44_3_1_clean.png.png,False
/home/meri/SharedFolder/out/Her2Pos_Case_44_3_1_tum.png.png,True
/home/meri/SharedFolder/out/Her2Pos_Case_44_4_1_clean.png.png,False
/home/meri/SharedFolder/out/Her2Pos_Case_44_4_1_tum.png.png,True
/home/meri/SharedFolder/out/Her2Pos_Case_44_5_1_clean.png.png,False
/home/meri/SharedFolder/out/Her2Pos_Case_44_5_1_tum.png.png,True
/home/meri/SharedFolder/out/Her2Pos_Case_44_6_1_clean.png.png,False
/home/meri/SharedFolder/out/Her2Pos_Case_44_6_1_tum.png.png,True
/home/meri/SharedFolder/out/Her2Pos_Case_44_7_1_clean.png.png,False
/home/meri/SharedFolder/out/Her2Pos_Case_44_7_1_tum.png.png,True
/home/meri/SharedFolder/out/Her2Pos_Case_44_8_1_clean.png.png,False
/home/meri/SharedFolder/out/Her2Pos_Case_44_8_1_tum.png.png,True
/home/meri/SharedFolder/out/Her2Pos_Case_44_9_1_clean.png.png,False
/home/meri/SharedFolder/out/Her2Pos_Case_44_9_1_tum.png.png,True
/home/meri/SharedFolder/out/Her2Pos_Case_46_1_1_clean.png.png,False
/home/meri/SharedFolder/out/Her2Pos_Case_46_1_1_tum.png.png,True
/home/meri/SharedFolder/out/Her2Pos_Case_46_2_1_clean.png.png,False
/home/meri/SharedFolder/out/Her2Pos_Case_46_2_1_tum.png.png,True
/home/meri/SharedFolder/out/Her2Pos_Case_46_3_1_clean.png.png,False
/home/meri/SharedFolder/out/Her2Pos_Case_46_3_1_tum.png.png,True
/home/meri/SharedFolder/out/Her2Pos_Case_46_4_1_clean.png.png,False
/home/meri/SharedFolder/out/Her2Pos_Case_46_4_1_tum.png.png,True
/home/meri/SharedFolder/out/Her2Pos_Case_47_1_1_clean.png.png,False
/home/meri/SharedFolder/out/Her2Pos_Case_47_1_1_tum.png.png,True
/home/meri/SharedFolder/out/Her2Pos_Case_47_2_1_clean.png.png,False
/home/meri/SharedFolder/out/Her2Pos_Case_47_2_1_tum.png.png,True
/home/meri/SharedFolder/out/Her2Pos_Case_48_1_1_clean.png.png,False
/home/meri/SharedFolder/out/Her2Pos_Case_48_1_1_tum.png.png,True
/home/meri/SharedFolder/out/Her2Pos_Case_49_1_1_clean.png.png,False
/home/meri/SharedFolder/out/Her2Pos_Case_49_1_1_tum.png.png,True
/home/meri/SharedFolder/out/Her2Pos_Case_49_2_1_clean.png.png,False
/home/meri/SharedFolder/out/Her2Pos_Case_49_2_1_tum.png.png,True
/home/meri/SharedFolder/out/Her2Pos_Case_49_3_1_clean.png.png,False
/home/meri/SharedFolder/out/Her2Pos_Case_49_3_1_tum.png.png,True
/home/meri/SharedFolder/out/Her2Pos_Case_49_4_1_clean.png.png,False
/home/meri/SharedFolder/out/Her2Pos_Case_49_4_1_tum.png.png,True
/home/meri/SharedFolder/out/Her2Pos_Case_49_5_1_clean.png.png,False
/home/meri/SharedFolder/out/Her2Pos_Case_49_5_1_tum.png.png,True
/home/meri/SharedFolder/out/Her2Pos_Case_49_6_1_clean.png.png,False
/home/meri/SharedFolder/out/Her2Pos_Case_49_6_1_tum.png.png,True
/home/meri/SharedFolder/out/Her2Pos_Case_49_7_1_clean.png.png,False
/home/meri/SharedFolder/out/Her2Pos_Case_49_7_1_tum.png.png,True
/home/meri/SharedFolder/out/Her2Pos_Case_49_8_1_clean.png.png,False
/home/meri/SharedFolder/out/Her2Pos_Case_49_8_1_tum.png.png,True
/home/meri/SharedFolder/out/Her2Pos_Case_50_1_1_clean.png.png,False
/home/meri/SharedFolder/out/Her2Pos_Case_50_1_1_tum.png.png,True
/home/meri/SharedFolder/out/Her2Pos_Case_50_2_1_clean.png.png,False
/home/meri/SharedFolder/out/Her2Pos_Case_50_2_1_tum.png.png,True
/home/meri/SharedFolder/out/Her2Pos_Case_50_3_1_clean.png.png,False
/home/meri/SharedFolder/out/Her2Pos_Case_50_3_1_tum.png.png,True
/home/meri/SharedFolder/out/Her2Pos_Case_51_1_1_clean.png.png,False
/home/meri/SharedFolder/out/Her2Pos_Case_51_1_1_tum.png.png,True
/home/meri/SharedFolder/out/Her2Pos_Case_51_2_1_clean.png.png,False
/home/meri/SharedFolder/out/Her2Pos_Case_51_2_1_tum.png.png,True
/home/meri/SharedFolder/out/Her2Pos_Case_51_3_1_clean.png.png,False
/home/meri/SharedFolder/out/Her2Pos_Case_51_3_1_tum.png.png,True
/home/meri/SharedFolder/out/Her2Pos_Case_51_4_1_clean.png.png,False
/home/meri/SharedFolder/out/Her2Pos_Case_51_4_1_tum.png.png,True
/home/meri/SharedFolder/out/Her2Pos_Case_53_1_1_clean.png.png,False
/home/meri/SharedFolder/out/Her2Pos_Case_53_1_1_tum.png.png,True
/home/meri/SharedFolder/out/Her2Pos_Case_53_2_1_clean.png.png,False
/home/meri/SharedFolder/out/Her2Pos_Case_53_2_1_tum.png.png,True
/home/meri/SharedFolder/out/Her2Pos_Case_53_3_1_clean.png.png,False
/home/meri/SharedFolder/out/Her2Pos_Case_53_3_1_tum.png.png,True
/home/meri/SharedFolder/out/Her2Pos_Case_53_4_1_clean.png.png,False
/home/meri/SharedFolder/out/Her2Pos_Case_53_4_1_tum.png.png,True
/home/meri/SharedFolder/out/Her2Pos_Case_54_1_1_clean.png.png,False
/home/meri/SharedFolder/out/Her2Pos_Case_54_1_1_tum.png.png,True
/home/meri/SharedFolder/out/Her2Pos_Case_54_2_1_clean.png.png,False
/home/meri/SharedFolder/out/Her2Pos_Case_54_2_1_tum.png.png,True
/home/meri/SharedFolder/out/Her2Pos_Case_54_3_1_clean.png.png,False
/home/meri/SharedFolder/out/Her2Pos_Case_54_3_1_tum.png.png,True
/home/meri/SharedFolder/out/Her2Pos_Case_54_4_1_clean.png.png,False
/home/meri/SharedFolder/out/Her2Pos_Case_54_4_1_tum.png.png,True
/home/meri/SharedFolder/out/Her2Pos_Case_54_5_1_clean.png.png,False
/home/meri/SharedFolder/out/Her2Pos_Case_54_5_1_tum.png.png,True
/home/meri/SharedFolder/out/Her2Pos_Case_54_6_1_clean.png.png,False
/home/meri/SharedFolder/out/Her2Pos_Case_54_6_1_tum.png.png,True
/home/meri/SharedFolder/out/Her2Pos_Case_54_7_1_clean.png.png,False
/home/meri/SharedFolder/out/Her2Pos_Case_54_7_1_tum.png.png,True
/home/meri/SharedFolder/out/Her2Pos_Case_54_8_1_clean.png.png,False
/home/meri/SharedFolder/out/Her2Pos_Case_54_8_1_tum.png.png,True
/home/meri/SharedFolder/out/Her2Pos_Case_54_9_1_clean.png.png,False
/home/meri/SharedFolder/out/Her2Pos_Case_54_9_1_tum.png.png,True
/home/meri/SharedFolder/out/Her2Pos_Case_55_1_1_clean.png.png,False
/home/meri/SharedFolder/out/Her2Pos_Case_55_1_1_tum.png.png,True
/home/meri/SharedFolder/out/Her2Pos_Case_55_2_1_clean.png.png,False
/home/meri/SharedFolder/out/Her2Pos_Case_55_2_1_tum.png.png,True
/home/meri/SharedFolder/out/Her2Pos_Case_55_3_1_clean.png.png,False
/home/meri/SharedFolder/out/Her2Pos_Case_55_3_1_tum.png.png,True
/home/meri/SharedFolder/out/Her2Pos_Case_55_4_1_clean.png.png,False
/home/meri/SharedFolder/out/Her2Pos_Case_55_4_1_tum.png.png,True
/home/meri/SharedFolder/out/Her2Pos_Case_55_5_1_clean.png.png,False
/home/meri/SharedFolder/out/Her2Pos_Case_55_5_1_tum.png.png,True
/home/meri/SharedFolder/out/Her2Pos_Case_56_1_1_clean.png.png,False
/home/meri/SharedFolder/out/Her2Pos_Case_56_1_1_tum.png.png,True
/home/meri/SharedFolder/out/Her2Pos_Case_56_2_1_clean.png.png,False
/home/meri/SharedFolder/out/Her2Pos_Case_56_2_1_tum.png.png,True
/home/meri/SharedFolder/out/Her2Pos_Case_56_3_1_clean.png.png,False
/home/meri/SharedFolder/out/Her2Pos_Case_56_3_1_tum.png.png,True
/home/meri/SharedFolder/out/Her2Pos_Case_56_4_1_clean.png.png,False
/home/meri/SharedFolder/out/Her2Pos_Case_56_4_1_tum.png.png,True
/home/meri/SharedFolder/out/Her2Pos_Case_57_1_1_clean.png.png,False
/home/meri/SharedFolder/out/Her2Pos_Case_57_1_1_tum.png.png,True
/home/meri/SharedFolder/out/Her2Pos_Case_57_2_1_clean.png.png,False
/home/meri/SharedFolder/out/Her2Pos_Case_57_2_1_tum.png.png,True
/home/meri/SharedFolder/out/Her2Pos_Case_57_3_1_clean.png.png,False
/home/meri/SharedFolder/out/Her2Pos_Case_57_3_1_tum.png.png,True
/home/meri/SharedFolder/out/Her2Pos_Case_57_4_1_clean.png.png,False
/home/meri/SharedFolder/out/Her2Pos_Case_57_4_1_tum.png.png,True
/home/meri/SharedFolder/out/Her2Pos_Case_58_1_1_clean.png.png,False
/home/meri/SharedFolder/out/Her2Pos_Case_58_1_1_tum.png.png,True
/home/meri/SharedFolder/out/Her2Pos_Case_58_2_1_clean.png.png,False
/home/meri/SharedFolder/out/Her2Pos_Case_58_2_1_tum.png.png,True
/home/meri/SharedFolder/out/Her2Pos_Case_59_1_1_clean.png.png,False
/home/meri/SharedFolder/out/Her2Pos_Case_59_1_1_tum.png.png,True
/home/meri/SharedFolder/out/Her2Pos_Case_59_2_1_clean.png.png,False
/home/meri/SharedFolder/out/Her2Pos_Case_59_2_1_tum.png.png,True
/home/meri/SharedFolder/out/Her2Pos_Case_59_3_1_clean.png.png,False
/home/meri/SharedFolder/out/Her2Pos_Case_59_3_1_tum.png.png,True
/home/meri/SharedFolder/out/Her2Pos_Case_59_4_1_clean.png.png,False
/home/meri/SharedFolder/out/Her2Pos_Case_59_4_1_tum.png.png,True
/home/meri/SharedFolder/out/Her2Pos_Case_59_5_1_clean.png.png,False
/home/meri/SharedFolder/out/Her2Pos_Case_59_5_1_tum.png.png,True
/home/meri/SharedFolder/out/Her2Pos_Case_60_1_1_clean.png.png,False
/home/meri/SharedFolder/out/Her2Pos_Case_60_1_1_tum.png.png,True
/home/meri/SharedFolder/out/Her2Pos_Case_60_2_1_clean.png.png,False
/home/meri/SharedFolder/out/Her2Pos_Case_60_2_1_tum.png.png,True
/home/meri/SharedFolder/out/Her2Pos_Case_60_3_1_clean.png.png,False
/home/meri/SharedFolder/out/Her2Pos_Case_60_3_1_tum.png.png,True
/home/meri/SharedFolder/out/Her2Pos_Case_60_4_1_clean.png.png,False
/home/meri/SharedFolder/out/Her2Pos_Case_60_4_1_tum.png.png,True
/home/meri/SharedFolder/out/Her2Pos_Case_60_5_1_clean.png.png,False
/home/meri/SharedFolder/out/Her2Pos_Case_60_5_1_tum.png.png,True
/home/meri/SharedFolder/out/Her2Pos_Case_61_1_1_clean.png.png,False
/home/meri/SharedFolder/out/Her2Pos_Case_61_1_1_tum.png.png,True
/home/meri/SharedFolder/out/Her2Pos_Case_61_2_1_clean.png.png,False
/home/meri/SharedFolder/out/Her2Pos_Case_61_2_1_tum.png.png,True
/home/meri/SharedFolder/out/Her2Pos_Case_61_3_1_clean.png.png,False
/home/meri/SharedFolder/out/Her2Pos_Case_61_3_1_tum.png.png,True
/home/meri/SharedFolder/out/Her2Pos_Case_61_4_1_clean.png.png,False
/home/meri/SharedFolder/out/Her2Pos_Case_61_4_1_tum.png.png,True
/home/meri/SharedFolder/out/Her2Pos_Case_62_1_1_clean.png.png,False
/home/meri/SharedFolder/out/Her2Pos_Case_62_1_1_tum.png.png,True
/home/meri/SharedFolder/out/Her2Pos_Case_62_2_1_clean.png.png,False
/home/meri/SharedFolder/out/Her2Pos_Case_62_2_1_tum.png.png,True
/home/meri/SharedFolder/out/Her2Pos_Case_63_1_1_clean.png.png,False
/home/meri/SharedFolder/out/Her2Pos_Case_63_1_1_tum.png.png,True
/home/meri/SharedFolder/out/Her2Pos_Case_64_1_1_clean.png.png,False
/home/meri/SharedFolder/out/Her2Pos_Case_64_1_1_tum.png.png,True
/home/meri/SharedFolder/out/Her2Pos_Case_64_2_1_clean.png.png,False
/home/meri/SharedFolder/out/Her2Pos_Case_64_2_1_tum.png.png,True
/home/meri/SharedFolder/out/Her2Pos_Case_64_3_1_clean.png.png,False
/home/meri/SharedFolder/out/Her2Pos_Case_64_3_1_tum.png.png,True
/home/meri/SharedFolder/out/Her2Pos_Case_65_1_1_clean.png.png,False
/home/meri/SharedFolder/out/Her2Pos_Case_65_1_1_tum.png.png,True
/home/meri/SharedFolder/out/Her2Pos_Case_65_2_1_clean.png.png,False
/home/meri/SharedFolder/out/Her2Pos_Case_65_2_1_tum.png.png,True
/home/meri/SharedFolder/out/Her2Pos_Case_66_1_1_clean.png.png,False
/home/meri/SharedFolder/out/Her2Pos_Case_66_1_1_tum.png.png,True
/home/meri/SharedFolder/out/Her2Pos_Case_66_2_1_clean.png.png,False
/home/meri/SharedFolder/out/Her2Pos_Case_66_2_1_tum.png.png,True
/home/meri/SharedFolder/out/Her2Pos_Case_66_3_1_clean.png.png,False
/home/meri/SharedFolder/out/Her2Pos_Case_66_3_1_tum.png.png,True
/home/meri/SharedFolder/out/Her2Pos_Case_66_4_1_clean.png.png,False
/home/meri/SharedFolder/out/Her2Pos_Case_66_4_1_tum.png.png,True
/home/meri/SharedFolder/out/Her2Pos_Case_67_1_1_clean.png.png,False
/home/meri/SharedFolder/out/Her2Pos_Case_67_1_1_tum.png.png,True
/home/meri/SharedFolder/out/Her2Pos_Case_67_2_1_clean.png.png,False
/home/meri/SharedFolder/out/Her2Pos_Case_67_2_1_tum.png.png,True
/home/meri/SharedFolder/out/Her2Pos_Case_67_3_1_clean.png.png,False
/home/meri/SharedFolder/out/Her2Pos_Case_67_3_1_tum.png.png,True
/home/meri/SharedFolder/out/Her2Pos_Case_67_4_1_clean.png.png,False
/home/meri/SharedFolder/out/Her2Pos_Case_67_4_1_tum.png.png,True
/home/meri/SharedFolder/out/Her2Pos_Case_68_1_1_clean.png.png,False
/home/meri/SharedFolder/out/Her2Pos_Case_68_1_1_tum.png.png,True
/home/meri/SharedFolder/out/Her2Pos_Case_68_2_1_clean.png.png,False
/home/meri/SharedFolder/out/Her2Pos_Case_68_2_1_tum.png.png,True
/home/meri/SharedFolder/out/Her2Pos_Case_69_1_1_clean.png.png,False
/home/meri/SharedFolder/out/Her2Pos_Case_69_1_1_tum.png.png,True
/home/meri/SharedFolder/out/Her2Pos_Case_69_2_1_clean.png.png,False
/home/meri/SharedFolder/out/Her2Pos_Case_69_2_1_tum.png.png,True
/home/meri/SharedFolder/out/Her2Pos_Case_69_3_1_clean.png.png,False
/home/meri/SharedFolder/out/Her2Pos_Case_69_3_1_tum.png.png,True
/home/meri/SharedFolder/out/Her2Pos_Case_69_4_1_clean.png.png,False
/home/meri/SharedFolder/out/Her2Pos_Case_69_4_1_tum.png.png,True
/home/meri/SharedFolder/out/Her2Pos_Case_69_5_1_clean.png.png,False
/home/meri/SharedFolder/out/Her2Pos_Case_69_5_1_tum.png.png,True
/home/meri/SharedFolder/out/Her2Pos_Case_69_6_1_clean.png.png,False
/home/meri/SharedFolder/out/Her2Pos_Case_69_6_1_tum.png.png,True
/home/meri/SharedFolder/out/Her2Pos_Case_70_1_1_clean.png.png,False
/home/meri/SharedFolder/out/Her2Pos_Case_70_1_1_tum.png.png,True
/home/meri/SharedFolder/out/Her2Pos_Case_70_2_1_clean.png.png,False
/home/meri/SharedFolder/out/Her2Pos_Case_70_2_1_tum.png.png,True
/home/meri/SharedFolder/out/Her2Pos_Case_70_3_1_clean.png.png,False
/home/meri/SharedFolder/out/Her2Pos_Case_70_3_1_tum.png.png,True
/home/meri/SharedFolder/out/Her2Pos_Case_71_1_1_clean.png.png,False
/home/meri/SharedFolder/out/Her2Pos_Case_71_1_1_tum.png.png,True
/home/meri/SharedFolder/out/Her2Pos_Case_71_2_1_clean.png.png,False
/home/meri/SharedFolder/out/Her2Pos_Case_71_2_1_tum.png.png,True
/home/meri/SharedFolder/out/Her2Pos_Case_71_3_1_clean.png.png,False
/home/meri/SharedFolder/out/Her2Pos_Case_71_3_1_tum.png.png,True
/home/meri/SharedFolder/out/Her2Pos_Case_71_4_1_clean.png.png,False
/home/meri/SharedFolder/out/Her2Pos_Case_71_4_1_tum.png.png,True
/home/meri/SharedFolder/out/Her2Pos_Case_71_5_1_clean.png.png,False
/home/meri/SharedFolder/out/Her2Pos_Case_71_5_1_tum.png.png,True
/home/meri/SharedFolder/out/Her2Pos_Case_72_1_1_clean.png.png,False
/home/meri/SharedFolder/out/Her2Pos_Case_72_1_1_tum.png.png,True
/home/meri/SharedFolder/out/Her2Pos_Case_72_2_1_clean.png.png,False
/home/meri/SharedFolder/out/Her2Pos_Case_72_2_1_tum.png.png,True
/home/meri/SharedFolder/out/Her2Pos_Case_72_3_1_clean.png.png,False
/home/meri/SharedFolder/out/Her2Pos_Case_72_3_1_tum.png.png,True
/home/meri/SharedFolder/out/Her2Pos_Case_72_4_1_clean.png.png,False
/home/meri/SharedFolder/out/Her2Pos_Case_72_4_1_tum.png.png,True
/home/meri/SharedFolder/out/Her2Pos_Case_72_5_1_clean.png.png,False
/home/meri/SharedFolder/out/Her2Pos_Case_72_5_1_tum.png.png,True
/home/meri/SharedFolder/out/Her2Pos_Case_72_6_1_clean.png.png,False
/home/meri/SharedFolder/out/Her2Pos_Case_72_6_1_tum.png.png,True
/home/meri/SharedFolder/out/Her2Pos_Case_73_1_1_clean.png.png,False
/home/meri/SharedFolder/out/Her2Pos_Case_73_1_1_tum.png.png,True
/home/meri/SharedFolder/out/Her2Pos_Case_74_1_1_clean.png.png,False
/home/meri/SharedFolder/out/Her2Pos_Case_74_1_1_tum.png.png,True
/home/meri/SharedFolder/out/Her2Pos_Case_74_2_1_clean.png.png,False
/home/meri/SharedFolder/out/Her2Pos_Case_74_2_1_tum.png.png,True
/home/meri/SharedFolder/out/Her2Pos_Case_75_1_1_clean.png.png,False
/home/meri/SharedFolder/out/Her2Pos_Case_75_1_1_tum.png.png,True
/home/meri/SharedFolder/out/Her2Pos_Case_75_2_1_clean.png.png,False
/home/meri/SharedFolder/out/Her2Pos_Case_75_2_1_tum.png.png,True
/home/meri/SharedFolder/out/Her2Pos_Case_75_3_1_clean.png.png,False
/home/meri/SharedFolder/out/Her2Pos_Case_75_3_1_tum.png.png,True
/home/meri/SharedFolder/out/Her2Pos_Case_75_4_1_clean.png.png,False
/home/meri/SharedFolder/out/Her2Pos_Case_75_4_1_tum.png.png,True
/home/meri/SharedFolder/out/Her2Pos_Case_76_10_1_clean.png.png,False
/home/meri/SharedFolder/out/Her2Pos_Case_76_10_1_tum.png.png,True
/home/meri/SharedFolder/out/Her2Pos_Case_76_11_1_clean.png.png,False
/home/meri/SharedFolder/out/Her2Pos_Case_76_11_1_tum.png.png,True
/home/meri/SharedFolder/out/Her2Pos_Case_76_1_1_clean.png.png,False
/home/meri/SharedFolder/out/Her2Pos_Case_76_1_1_tum.png.png,True
/home/meri/SharedFolder/out/Her2Pos_Case_76_2_1_clean.png.png,False
/home/meri/SharedFolder/out/Her2Pos_Case_76_2_1_tum.png.png,True
/home/meri/SharedFolder/out/Her2Pos_Case_76_3_1_clean.png.png,False
/home/meri/SharedFolder/out/Her2Pos_Case_76_3_1_tum.png.png,True
/home/meri/SharedFolder/out/Her2Pos_Case_76_4_1_clean.png.png,False
/home/meri/SharedFolder/out/Her2Pos_Case_76_4_1_tum.png.png,True
/home/meri/SharedFolder/out/Her2Pos_Case_76_5_1_clean.png.png,False
/home/meri/SharedFolder/out/Her2Pos_Case_76_5_1_tum.png.png,True
/home/meri/SharedFolder/out/Her2Pos_Case_76_6_1_clean.png.png,False
/home/meri/SharedFolder/out/Her2Pos_Case_76_6_1_tum.png.png,True
/home/meri/SharedFolder/out/Her2Pos_Case_76_7_1_clean.png.png,False
/home/meri/SharedFolder/out/Her2Pos_Case_76_7_1_tum.png.png,True
/home/meri/SharedFolder/out/Her2Pos_Case_76_8_1_clean.png.png,False
/home/meri/SharedFolder/out/Her2Pos_Case_76_8_1_tum.png.png,True
/home/meri/SharedFolder/out/Her2Pos_Case_76_9_1_clean.png.png,False
/home/meri/SharedFolder/out/Her2Pos_Case_76_9_1_tum.png.png,True
/home/meri/SharedFolder/out/Her2Pos_Case_77_10_1_clean.png.png,False
/home/meri/SharedFolder/out/Her2Pos_Case_77_10_1_tum.png.png,True
/home/meri/SharedFolder/out/Her2Pos_Case_77_11_1_clean.png.png,False
/home/meri/SharedFolder/out/Her2Pos_Case_77_11_1_tum.png.png,True
/home/meri/SharedFolder/out/Her2Pos_Case_77_12_1_clean.png.png,False
/home/meri/SharedFolder/out/Her2Pos_Case_77_12_1_tum.png.png,True
/home/meri/SharedFolder/out/Her2Pos_Case_77_13_1_clean.png.png,False
/home/meri/SharedFolder/out/Her2Pos_Case_77_13_1_tum.png.png,True
/home/meri/SharedFolder/out/Her2Pos_Case_77_14_1_clean.png.png,False
/home/meri/SharedFolder/out/Her2Pos_Case_77_14_1_tum.png.png,True
/home/meri/SharedFolder/out/Her2Pos_Case_77_15_1_clean.png.png,False
/home/meri/SharedFolder/out/Her2Pos_Case_77_15_1_tum.png.png,True
/home/meri/SharedFolder/out/Her2Pos_Case_77_16_1_clean.png.png,False
/home/meri/SharedFolder/out/Her2Pos_Case_77_16_1_tum.png.png,True
/home/meri/SharedFolder/out/Her2Pos_Case_77_17_1_clean.png.png,False
/home/meri/SharedFolder/out/Her2Pos_Case_77_17_1_tum.png.png,True
/home/meri/SharedFolder/out/Her2Pos_Case_77_1_1_clean.png.png,False
/home/meri/SharedFolder/out/Her2Pos_Case_77_1_1_tum.png.png,True
/home/meri/SharedFolder/out/Her2Pos_Case_77_2_1_clean.png.png,False
/home/meri/SharedFolder/out/Her2Pos_Case_77_2_1_tum.png.png,True
/home/meri/SharedFolder/out/Her2Pos_Case_77_3_1_clean.png.png,False
/home/meri/SharedFolder/out/Her2Pos_Case_77_3_1_tum.png.png,True
/home/meri/SharedFolder/out/Her2Pos_Case_77_4_1_clean.png.png,False
/home/meri/SharedFolder/out/Her2Pos_Case_77_4_1_tum.png.png,True
/home/meri/SharedFolder/out/Her2Pos_Case_77_5_1_clean.png.png,False
/home/meri/SharedFolder/out/Her2Pos_Case_77_5_1_tum.png.png,True
/home/meri/SharedFolder/out/Her2Pos_Case_77_6_1_clean.png.png,False
/home/meri/SharedFolder/out/Her2Pos_Case_77_6_1_tum.png.png,True
/home/meri/SharedFolder/out/Her2Pos_Case_77_7_1_clean.png.png,False
/home/meri/SharedFolder/out/Her2Pos_Case_77_7_1_tum.png.png,True
/home/meri/SharedFolder/out/Her2Pos_Case_77_8_1_clean.png.png,False
/home/meri/SharedFolder/out/Her2Pos_Case_77_8_1_tum.png.png,True
/home/meri/SharedFolder/out/Her2Pos_Case_77_9_1_clean.png.png,False
/home/meri/SharedFolder/out/Her2Pos_Case_77_9_1_tum.png.png,True
/home/meri/SharedFolder/out/Her2Pos_Case_78_1_1_clean.png.png,False
/home/meri/SharedFolder/out/Her2Pos_Case_78_1_1_tum.png.png,True
/home/meri/SharedFolder/out/Her2Pos_Case_78_2_1_clean.png.png,False
/home/meri/SharedFolder/out/Her2Pos_Case_78_2_1_tum.png.png,True
/home/meri/SharedFolder/out/Her2Pos_Case_78_3_1_clean.png.png,False
/home/meri/SharedFolder/out/Her2Pos_Case_78_3_1_tum.png.png,True
/home/meri/SharedFolder/out/Her2Pos_Case_78_4_1_clean.png.png,False
/home/meri/SharedFolder/out/Her2Pos_Case_78_4_1_tum.png.png,True
/home/meri/SharedFolder/out/Her2Pos_Case_79_1_1_clean.png.png,False
/home/meri/SharedFolder/out/Her2Pos_Case_79_1_1_tum.png.png,True
/home/meri/SharedFolder/out/Her2Pos_Case_79_2_1_clean.png.png,False
/home/meri/SharedFolder/out/Her2Pos_Case_79_2_1_tum.png.png,True
/home/meri/SharedFolder/out/Her2Pos_Case_79_3_1_clean.png.png,False
/home/meri/SharedFolder/out/Her2Pos_Case_79_3_1_tum.png.png,True
/home/meri/SharedFolder/out/Her2Pos_Case_79_4_1_clean.png.png,False
/home/meri/SharedFolder/out/Her2Pos_Case_79_4_1_tum.png.png,True
/home/meri/SharedFolder/out/Her2Pos_Case_80_1_1_clean.png.png,False
/home/meri/SharedFolder/out/Her2Pos_Case_80_1_1_tum.png.png,True
/home/meri/SharedFolder/out/Her2Pos_Case_80_2_1_clean.png.png,False
/home/meri/SharedFolder/out/Her2Pos_Case_80_2_1_tum.png.png,True
/home/meri/SharedFolder/out/Her2Pos_Case_80_3_1_clean.png.png,False
/home/meri/SharedFolder/out/Her2Pos_Case_80_3_1_tum.png.png,True
/home/meri/SharedFolder/out/Her2Pos_Case_81_1_1_clean.png.png,False
/home/meri/SharedFolder/out/Her2Pos_Case_81_1_1_tum.png.png,True
/home/meri/SharedFolder/out/Her2Pos_Case_82_1_1_clean.png.png,False
/home/meri/SharedFolder/out/Her2Pos_Case_82_1_1_tum.png.png,True
/home/meri/SharedFolder/out/Her2Pos_Case_82_2_1_clean.png.png,False
/home/meri/SharedFolder/out/Her2Pos_Case_82_2_1_tum.png.png,True
/home/meri/SharedFolder/out/Her2Pos_Case_83_1_1_clean.png.png,False
/home/meri/SharedFolder/out/Her2Pos_Case_83_1_1_tum.png.png,True
/home/meri/SharedFolder/out/Her2Pos_Case_83_2_1_clean.png.png,False
/home/meri/SharedFolder/out/Her2Pos_Case_83_2_1_tum.png.png,True
/home/meri/SharedFolder/out/Her2Pos_Case_83_3_1_clean.png.png,False
/home/meri/SharedFolder/out/Her2Pos_Case_83_3_1_tum.png.png,True
/home/meri/SharedFolder/out/Her2Pos_Case_84_1_1_clean.png.png,False
/home/meri/SharedFolder/out/Her2Pos_Case_84_1_1_tum.png.png,True
/home/meri/SharedFolder/out/Her2Pos_Case_85_1_1_clean.png.png,False
/home/meri/SharedFolder/out/Her2Pos_Case_85_1_1_tum.png.png,True
/home/meri/SharedFolder/out/Her2Pos_Case_85_2_1_clean.png.png,False
/home/meri/SharedFolder/out/Her2Pos_Case_85_2_1_tum.png.png,True
/home/meri/SharedFolder/out/Her2Pos_Case_86_1_1_clean.png.png,False
/home/meri/SharedFolder/out/Her2Pos_Case_86_1_1_tum.png.png,True
/home/meri/SharedFolder/out/Her2Pos_Case_86_2_1_clean.png.png,False
/home/meri/SharedFolder/out/Her2Pos_Case_86_2_1_tum.png.png,True
/home/meri/SharedFolder/out/Her2Pos_Case_86_3_1_clean.png.png,False
/home/meri/SharedFolder/out/Her2Pos_Case_86_3_1_tum.png.png,True
/home/meri/SharedFolder/out/Her2Pos_Case_86_4_1_clean.png.png,False
/home/meri/SharedFolder/out/Her2Pos_Case_86_4_1_tum.png.png,True
/home/meri/SharedFolder/out/Her2Pos_Case_87_1_1_clean.png.png,False
/home/meri/SharedFolder/out/Her2Pos_Case_87_1_1_tum.png.png,True
/home/meri/SharedFolder/out/Her2Pos_Case_87_2_1_clean.png.png,False
/home/meri/SharedFolder/out/Her2Pos_Case_87_2_1_tum.png.png,True
/home/meri/SharedFolder/out/Her2Pos_Case_87_3_1_clean.png.png,False
/home/meri/SharedFolder/out/Her2Pos_Case_87_3_1_tum.png.png,True
/home/meri/SharedFolder/out/Her2Pos_Case_88_1_1_clean.png.png,False
/home/meri/SharedFolder/out/Her2Pos_Case_88_1_1_tum.png.png,True
/home/meri/SharedFolder/out/Her2Pos_Case_88_2_1_clean.png.png,False
/home/meri/SharedFolder/out/Her2Pos_Case_88_2_1_tum.png.png,True
/home/meri/SharedFolder/out/Her2Pos_Case_88_3_1_clean.png.png,False
/home/meri/SharedFolder/out/Her2Pos_Case_88_3_1_tum.png.png,True
/home/meri/SharedFolder/out/Her2Pos_Case_88_4_1_clean.png.png,False
/home/meri/SharedFolder/out/Her2Pos_Case_88_4_1_tum.png.png,True
/home/meri/SharedFolder/out/Her2Pos_Case_88_5_1_clean.png.png,False
/home/meri/SharedFolder/out/Her2Pos_Case_88_5_1_tum.png.png,True
/home/meri/SharedFolder/out/Her2Pos_Case_88_6_1_clean.png.png,False
/home/meri/SharedFolder/out/Her2Pos_Case_88_6_1_tum.png.png,True
/home/meri/SharedFolder/out/Her2Pos_Case_88_7_1_clean.png.png,False
/home/meri/SharedFolder/out/Her2Pos_Case_88_7_1_tum.png.png,True
/home/meri/SharedFolder/out/Her2Pos_Case_88_8_1_clean.png.png,False
/home/meri/SharedFolder/out/Her2Pos_Case_88_8_1_tum.png.png,True
/home/meri/SharedFolder/out/Her2Pos_Case_89_1_1_clean.png.png,False
/home/meri/SharedFolder/out/Her2Pos_Case_89_1_1_tum.png.png,True
/home/meri/SharedFolder/out/Her2Pos_Case_89_2_1_clean.png.png,False
/home/meri/SharedFolder/out/Her2Pos_Case_89_2_1_tum.png.png,True
/home/meri/SharedFolder/out/Her2Pos_Case_89_3_1_clean.png.png,False
/home/meri/SharedFolder/out/Her2Pos_Case_89_3_1_tum.png.png,True
/home/meri/SharedFolder/out/Her2Pos_Case_89_4_1_clean.png.png,False
/home/meri/SharedFolder/out/Her2Pos_Case_89_4_1_tum.png.png,True
/home/meri/SharedFolder/out/Her2Pos_Case_89_5_1_clean.png.png,False
/home/meri/SharedFolder/out/Her2Pos_Case_89_5_1_tum.png.png,True
/home/meri/SharedFolder/out/Her2Pos_Case_90_1_1_clean.png.png,False
/home/meri/SharedFolder/out/Her2Pos_Case_90_1_1_tum.png.png,True
/home/meri/SharedFolder/out/Her2Pos_Case_90_2_1_clean.png.png,False
/home/meri/SharedFolder/out/Her2Pos_Case_90_2_1_tum.png.png,True
/home/meri/SharedFolder/out/Her2Pos_Case_91_1_1_clean.png.png,False
/home/meri/SharedFolder/out/Her2Pos_Case_91_1_1_tum.png.png,True
/home/meri/SharedFolder/out/Her2Pos_Case_91_2_1_clean.png.png,False
/home/meri/SharedFolder/out/Her2Pos_Case_91_2_1_tum.png.png,True
/home/meri/SharedFolder/out/Her2Pos_Case_91_3_1_clean.png.png,False
/home/meri/SharedFolder/out/Her2Pos_Case_91_3_1_tum.png.png,True
/home/meri/SharedFolder/out/Her2Pos_Case_92_1_1_clean.png.png,False
/home/meri/SharedFolder/out/Her2Pos_Case_92_1_1_tum.png.png,True
/home/meri/SharedFolder/out/Her2Pos_Case_92_2_1_clean.png.png,False
/home/meri/SharedFolder/out/Her2Pos_Case_92_2_1_tum.png.png,True
/home/meri/SharedFolder/out/Her2Pos_Case_93_1_1_clean.png.png,False
/home/meri/SharedFolder/out/Her2Pos_Case_93_1_1_tum.png.png,True
/home/meri/SharedFolder/out/Her2Pos_Case_93_2_1_clean.png.png,False
/home/meri/SharedFolder/out/Her2Pos_Case_93_2_1_tum.png.png,True
/home/meri/SharedFolder/out/Her2Pos_Case_93_3_1_clean.png.png,False
/home/meri/SharedFolder/out/Her2Pos_Case_93_3_1_tum.png.png,True
/home/meri/SharedFolder/out/Her2Pos_Case_93_4_1_clean.png.png,False
/home/meri/SharedFolder/out/Her2Pos_Case_93_4_1_tum.png.png,True
/home/meri/SharedFolder/out/Her2Pos_Case_93_5_1_clean.png.png,False
/home/meri/SharedFolder/out/Her2Pos_Case_93_5_1_tum.png.png,True
/home/meri/SharedFolder/out/Her2Pos_Case_94_1_1_clean.png.png,False
/home/meri/SharedFolder/out/Her2Pos_Case_94_1_1_tum.png.png,True
/home/meri/SharedFolder/out/Her2Pos_Case_94_2_1_clean.png.png,False
/home/meri/SharedFolder/out/Her2Pos_Case_94_2_1_tum.png.png,True
/home/meri/SharedFolder/out/Her2Pos_Case_94_3_1_clean.png.png,False
/home/meri/SharedFolder/out/Her2Pos_Case_94_3_1_tum.png.png,True
